,name,link,compensation,employer_name,employer_link,vacancy_address,pub_date
0,Junior Data Engineer,https://hh.ru/vacancy/45827027?query=Data%20science,"('80000', '120000', 'руб.')",Платформа ОФД,https://hh.ru/employer/3536900,Москва,2 июля
1,Data Scientist,https://hh.ru/vacancy/45860941?query=Data%20science,"('100000', '200000', 'руб.')",ООО    Семантекс,https://hh.ru/employer/4554396,Москва,30 июня
2,Data Scientist,https://hh.ru/vacancy/45191074?query=Data%20science,"('', '250000', 'руб.')",Точка,https://hh.ru/employer/2324020,Москва,3 июля
3,Data Scientist / Аналитик Data Science,https://hh.ru/vacancy/45062052?query=Data%20science,Не указано,Forecsys,https://hh.ru/employer/14896,Москва,3 июля
4,Аналитик данных алгоритмической торговли,https://hh.ru/vacancy/45603462?query=Data%20science,Не указано,Quanthill,https://hh.ru/employer/5490859,Москва,3 июля
5,Разработчик Python / Data Engineer,https://hh.ru/vacancy/45627188?query=Data%20science,"('150000', '', 'руб.')",ООО    Далитикс,https://hh.ru/employer/5175750,Москва,1 июля
6,Data Scientist,https://hh.ru/vacancy/45196738?query=Data%20science,"('', '160000', 'руб.')",ООО    Баум-Информ,https://hh.ru/employer/5465724,Москва,30 июня
7,Data Scientist в Яндекс.Маркет,https://hh.ru/vacancy/45870312?query=Data%20science,Не указано,Яндекс,https://hh.ru/employer/1740,Москва,30 июня
8,Junior Quantitative Researcher,https://hh.ru/vacancy/44942169?query=Data%20science,"('100000', '', 'руб.')",ДВ технологии,https://hh.ru/employer/4276064,Москва,2 июля
9,Директор по рискам/Head of data science,https://hh.ru/vacancy/45680665?query=Data%20science,Не указано,Pay P.S.,https://hh.ru/employer/1039977,Москва,2 июля
10,Data Scientist( Казначейство),https://hh.ru/vacancy/45938333?query=Data%20science,Не указано,Сбер для экспертов,https://hh.ru/employer/3529?dpt=3529-3529-prof,Москва,2 июля
11,"Data-science Intern/Analyst, Technology Group, Performance Improvement",https://hh.ru/vacancy/45726835?query=Data%20science,Не указано,Alvarez & Marsal CIS LLP (Moscow Branch Office),https://hh.ru/employer/1155525,Москва,30 июня
12,Аналитик Data Science,https://hh.ru/vacancy/45849604?query=Data%20science,Не указано,Корпорация ЭЛАР,https://hh.ru/employer/4526,Москва,30 июня
13,Senior Data Scientist (Recommender Systems),https://hh.ru/vacancy/40374266?query=Data%20science,"('250000', '', 'руб.')",FunCorp,https://hh.ru/employer/1212374,Москва,2 июля
14,Data Engineer,https://hh.ru/vacancy/45368081?query=Data%20science,Не указано,АНО ЦИСМ,https://hh.ru/employer/4563362,Москва,1 июля
15,Machine Learning Engineer в отдел Перформанса,https://hh.ru/vacancy/45317201?query=Data%20science,Не указано,"Mail.ru Group, Социальные сети, Одноклассники",https://hh.ru/employer/15478?dpt=mailru-15478-od,Москва,1 июля
16,Technical Product Manager (Data Science),https://hh.ru/vacancy/44362781?query=Data%20science,Не указано,ООО    Мастер Деливери,https://hh.ru/employer/5123323,Москва,30 июня
17,Data Scientist,https://hh.ru/vacancy/44487032?query=Data%20science,Не указано,DIGINETICA,https://hh.ru/employer/1723062,Москва,1 июля
18,Data Scientist,https://hh.ru/vacancy/45889940?query=Data%20science,Не указано,Teradata,https://hh.ru/employer/196122,Москва,2 июля
19,Data Scientist / Аналитик данных,https://hh.ru/vacancy/44880189?query=Data%20science,Не указано,АО    Рамакс Интернейшнл,https://hh.ru/employer/142514,Москва,30 июня
20,Senior Data Engineer,https://hh.ru/vacancy/37637853?query=Data%20science,"('', '350000', 'руб.')",Профи (profi.ru),https://hh.ru/employer/83639,Москва,28 июня
21,Team Lead /Senior data scientist,https://hh.ru/vacancy/45800048?query=Data%20science,Не указано,"ПАО    МегаФон, IT",https://hh.ru/employer/3127?dpt=mgfn-3127-it,Москва,28 июня
22,Senior Data Scientist,https://hh.ru/vacancy/42088119?query=Data%20science,Не указано,Циан,https://hh.ru/employer/1429999,Москва,28 июня
23,Data egeener / инженер данных,https://hh.ru/vacancy/45366752?query=Data%20science,Не указано,ИВ РОШЕ,https://hh.ru/employer/50664,Москва,28 июня
24,Старший аналитик/Senior Analyst,https://hh.ru/vacancy/45771733?query=Data%20science,Не указано,ID Finance,https://hh.ru/employer/1191643,Москва,1 июля
25,"Data Scientist, Поиск",https://hh.ru/vacancy/45760906?query=Data%20science,Не указано,Ozon Информационные технологии,https://hh.ru/employer/2180?dpt=ozonru-2180-dev,Москва,27 июня
26,Analyst,https://hh.ru/vacancy/45333797?query=Data%20science,Не указано,ID Finance,https://hh.ru/employer/1191643,Москва,3 июля
27,Business Data Scientist (Cyprus),https://hh.ru/vacancy/45830553?query=Data%20science,Не указано,Exness,https://hh.ru/employer/1312113,Москва,29 июня
28,Python developer (Big Data),https://hh.ru/vacancy/40289976?query=Data%20science,Не указано,"EPAM Systems, Inc.",https://hh.ru/employer/6769,Москва,28 июня
29,"Teamlead Data scientist (клиентская аналитика), Ozon Express",https://hh.ru/vacancy/45795989?query=Data%20science,Не указано,Ozon Express,https://hh.ru/employer/2180?dpt=ozonru-2180-express,Москва,28 июня
30,SQL Data Engineer,https://hh.ru/vacancy/45814393?query=Data%20science,Не указано,SegmentStream,https://hh.ru/employer/1564038,Москва,29 июня
31,R&D Engineer Computer Vision and Machine Learning,https://hh.ru/vacancy/45087995?query=Data%20science,Не указано,Envista Holdings Corporation,https://hh.ru/employer/640137,Москва,30 июня
32,Quantitative Researcher,https://hh.ru/vacancy/42629377?query=Data%20science,Не указано,WorldQuant,https://hh.ru/employer/826770,Москва,2 июля
33,Senior Data Scientist,https://hh.ru/vacancy/43276141?query=Data%20science,Не указано,Альфа-Банк. Экспертам и Руководителям,https://hh.ru/employer/80?dpt=80-80-expert,Москва,28 июня
34,Data Scientist / валидатор моделей банка,https://hh.ru/vacancy/43193122?query=Data%20science,Не указано,"«РОСБАНК, Societe Generale Group»",https://hh.ru/employer/599?dpt=rosbank-599-opyt,Москва,25 июня
35,Data analyst (Казначейство),https://hh.ru/vacancy/45785191?query=Data%20science,Не указано,Сбер для экспертов,https://hh.ru/employer/3529?dpt=3529-3529-prof,Москва,28 июня
36,Data Engineer,https://hh.ru/vacancy/41639471?query=Data%20science,Не указано,ООО    Gett,https://hh.ru/employer/938231,Москва,28 июня
37,Data sсientist (Реком. системы),https://hh.ru/vacancy/40704908?query=Data%20science,Не указано,ДомКлик,https://hh.ru/employer/2136954,Москва,1 июля
38,Middle Data Scientist (Delivery Club),https://hh.ru/vacancy/44568058?query=Data%20science,Не указано,"Mail.ru Group, E-commerce",https://hh.ru/employer/15478?dpt=mailru-15478-pcom,Москва,25 июня
39,Data scientist,https://hh.ru/vacancy/45693931?query=Data%20science,"('140000', '230000', 'руб.')",WakeApp,https://hh.ru/employer/1474584,Москва,23 июня
40,Data Scientist в команду Блока 'Сеть продаж',https://hh.ru/vacancy/45609305?query=Data%20science,Не указано,Сбер для экспертов,https://hh.ru/employer/3529?dpt=3529-3529-prof,Москва,21 июня
41,Data Scientist,https://hh.ru/vacancy/44080293?query=Data%20science,Не указано,СберЗвук,https://hh.ru/employer/1829949,Москва,21 июня
42,Data engineer,https://hh.ru/vacancy/45377355?query=Data%20science,Не указано,Lamoda,https://hh.ru/employer/780654,Москва,23 июня
43,Senior Python Engineer / MLOps,https://hh.ru/vacancy/45811421?query=Data%20science,Не указано,ДомКлик,https://hh.ru/employer/2136954,Москва,2 июля
44,Data science специалист,https://hh.ru/vacancy/45616724?query=Data%20science,Не указано,Юг Руси,https://hh.ru/employer/43099,Москва,21 июня
45,Data Engineer,https://hh.ru/vacancy/44004715?query=Data%20science,Не указано,Брокеркредитсервис,https://hh.ru/employer/1833,Москва,22 июня
46,Data Scientist (Машинное обучение),https://hh.ru/vacancy/45614509?query=Data%20science,Не указано,Полюс,https://hh.ru/employer/97839,Москва,21 июня
47,Data scientist,https://hh.ru/vacancy/44174564?query=Data%20science,Не указано,Аналитический центр при Правительстве Российской Федерации,https://hh.ru/employer/211052,Москва,21 июня
48,Младший аналитик (Junior Data Analyst),https://hh.ru/vacancy/45713209?query=Data%20science,Не указано,"Хорсъ, Кофейный дом",https://hh.ru/employer/722700,Москва,24 июня
49,Middle/Senior Data Scientist в команду «Эквайринг»,https://hh.ru/vacancy/45597901?query=Data%20science,Не указано,Сбер для экспертов,https://hh.ru/employer/3529?dpt=3529-3529-prof,Москва,21 июня
50,"Data scientist (NLP/NLU, в Санкт-Петербург)",https://hh.ru/vacancy/45726512?query=Data%20science,Не указано,Cellar door,https://hh.ru/employer/4420523,Москва,24 июня
51,"Руководитель группы Data scientist, Ozon Express",https://hh.ru/vacancy/44158663?query=Data%20science,Не указано,Ozon Express,https://hh.ru/employer/2180?dpt=ozonru-2180-express,Москва,17 июня
52,Data Scientist NLP (middle/ senior),https://hh.ru/vacancy/44281551?query=Data%20science,Не указано,Аналитический центр при Правительстве Российской Федерации,https://hh.ru/employer/211052,Москва,21 июня
53,"Business Technology Analyst Data & Analytics Russia, Ukraine & CIS",https://hh.ru/vacancy/45654722?query=Data%20science,Не указано,Johnson & Johnson,https://hh.ru/employer/2768,Москва,22 июня
54,"Cпециалист-разработчик по машинному обучению (Data Science, ML, нейронные сети / ИИ)",https://hh.ru/vacancy/45580737?query=Data%20science,Не указано,SCM Consult,https://hh.ru/employer/2787726,Москва,20 июня
55,Аналитик Data Science,https://hh.ru/vacancy/41446784?query=Data%20science,Не указано,GlowByte Consulting,https://hh.ru/employer/64474,Москва,17 июня
56,Senior Data Scientist (CV-алгоритмы),https://hh.ru/vacancy/40558689?query=Data%20science,Не указано,ООО    ГПМ РТВ,https://hh.ru/employer/2155808?dpt=2155808-2155808-gpm,Москва,23 июня
57,Data Scientist,https://hh.ru/vacancy/45603130?query=Data%20science,Не указано,Selecty,https://hh.ru/employer/2406247,Москва,21 июня
58,"Data scientist, Собственные продажи",https://hh.ru/vacancy/45559751?query=Data%20science,Не указано,Ozon Информационные технологии,https://hh.ru/employer/2180?dpt=ozonru-2180-dev,Москва,18 июня
59,Data Analyst,https://hh.ru/vacancy/45584228?query=Data%20science,Не указано,Launch Control,https://hh.ru/employer/5502536,Москва,3 июля
60,Big-Data and HPC Scientist,https://hh.ru/vacancy/45650461?query=Data%20science,Не указано,HUAWEI,https://hh.ru/employer/2873,Москва,22 июня
61,Data Scientist NLP (middle/ senior),https://hh.ru/vacancy/44281551?query=Data%20science,Не указано,Аналитический центр при Правительстве Российской Федерации,https://hh.ru/employer/211052,Москва,21 июня
62,Data Scientist,https://hh.ru/vacancy/45264405?query=Data%20science,"('', '330000', 'руб.')",Kelly Services,https://hh.ru/employer/4925,Москва,7 июня
63,Data science (NLP),https://hh.ru/vacancy/45382925?query=Data%20science,Не указано,Альфа-Банк. Экспертам и Руководителям,https://hh.ru/employer/80?dpt=80-80-expert,Москва,10 июня
64,Data science,https://hh.ru/vacancy/44531061?query=Data%20science,Не указано,"Mail.ru Group, Другое",https://hh.ru/employer/15478?dpt=mailru-15478-other,Москва,11 июня
65,Product/Data Analyst (middle),https://hh.ru/vacancy/45349983?query=Data%20science,Не указано,М.Видео-Эльдорадо. ИТ,https://hh.ru/employer/2523?dpt=2523-2523-itsfera,Москва,9 июня
66,Senior/Middle Data Scientist/Machine Learning Engineer for Computer Vision (Berlin or Braunschweig),https://hh.ru/vacancy/45415640?query=Data%20science,"('5400', '8333', 'EUR')",NEW YORKER,https://hh.ru/employer/600589,Москва,11 июня
67,Data Engineer / ML Engineer в Отдел моделирования CVM,https://hh.ru/vacancy/45268912?query=Data%20science,Не указано,Банк Открытие,https://hh.ru/employer/23040,Москва,7 июня
68,Data Scientist,https://hh.ru/vacancy/45271137?query=Data%20science,Не указано,Самокат (ООО Умный ритейл),https://hh.ru/employer/2460946,Москва,7 июня
69,Senior Data Scientist/ML Engineer SberDevices,https://hh.ru/vacancy/45659003?query=Data%20science,Не указано,Сбер для экспертов,https://hh.ru/employer/3529?dpt=3529-3529-prof,Москва,23 июня
70,Business Data Scientist (Cyprus),https://hh.ru/vacancy/45397401?query=Data%20science,Не указано,Exness,https://hh.ru/employer/1312113,Москва,11 июня
71,"Data scientist (NLP/NLU, в Санкт-Петербург)",https://hh.ru/vacancy/45726512?query=Data%20science,Не указано,Cellar door,https://hh.ru/employer/4420523,Москва,24 июня
72,Data scientist (инфраструктурное направление),https://hh.ru/vacancy/44827896?query=Data%20science,Не указано,Зест-персонал,https://hh.ru/employer/21653,Москва,18 июня
73,Data scientist,https://hh.ru/vacancy/45238313?query=Data%20science,Не указано,Coleman Services,https://hh.ru/employer/124,Москва,6 июня
74,Senior Data Scientist,https://hh.ru/vacancy/45504092?query=Data%20science,Не указано,Unikoom,https://hh.ru/employer/5144162,Москва,16 июня
75,Data Scientist,https://hh.ru/vacancy/43876296?query=Data%20science,Не указано,Леруа Мерлен. Центральный офис,https://hh.ru/employer/8582?dpt=8582-8582-lmofis,Москва,7 июня
76,Руководитель группы аналитик Data Science,https://hh.ru/vacancy/45360483?query=Data%20science,Не указано,MERLION,https://hh.ru/employer/816,Москва,10 июня
77,Data Analytics Consultant,https://hh.ru/vacancy/42887670?query=Data%20science,Не указано,"EPAM Systems, Inc.",https://hh.ru/employer/6769,Москва,9 июня
78,Data Scientist (коммерческое направление),https://hh.ru/vacancy/44761330?query=Data%20science,Не указано,Зест-персонал,https://hh.ru/employer/21653,Москва,18 июня
79,Senior Data Engineer,https://hh.ru/vacancy/45380421?query=Data%20science,Не указано,PicsArt,https://hh.ru/employer/3842701,Москва,10 июня
80,ML Engineer,https://hh.ru/vacancy/43684352?query=Data%20science,Не указано,Профи (profi.ru),https://hh.ru/employer/83639,Москва,1 июля
81,Senior ML Engineer,https://hh.ru/vacancy/45333286?query=Data%20science,Не указано,Профи (profi.ru),https://hh.ru/employer/83639,Москва,1 июля
82,Business Analyst (retail) Remote,https://hh.ru/vacancy/45278767?query=Data%20science,"('200000', '', 'руб.')",ScaleLab Inc,https://hh.ru/employer/4074762,Москва,1 июля
83,Data Engineer в команду Качества поиска,https://hh.ru/vacancy/45884171?query=Data%20science,Не указано,Авито,https://hh.ru/employer/84585,Москва,2 июля
84,AI разработчик,https://hh.ru/vacancy/45897718?query=Data%20science,Не указано,Университет искусственного интеллекта,https://hh.ru/employer/3754394,Москва,1 июля
85,Python developer,https://hh.ru/vacancy/45790381?query=Data%20science,Не указано,ООО    Константа,https://hh.ru/employer/2279941,Москва,2 июля
86,Руководитель направления разработки моделей оценки кредитных рисков / Data Scientist,https://hh.ru/vacancy/45940709?query=Data%20science,Не указано,Сбер для экспертов,https://hh.ru/employer/3529?dpt=3529-3529-prof,Москва,2 июля
87,Python developer,https://hh.ru/vacancy/45727407?query=Data%20science,Не указано,TransWare AG,https://hh.ru/employer/3826874,Москва,30 июня
88,Senior Analyst / Financial Planning and Analysis,https://hh.ru/vacancy/45261700?query=Data%20science,Не указано,ID Finance,https://hh.ru/employer/1191643,Москва,1 июля
89,Разработчик (Python),https://hh.ru/vacancy/40551245?query=Data%20science,"('100000', '160000', 'руб.')",Институт прикладных экономических исследований РАНХиГС при Президенте Российской Федерации,https://hh.ru/employer/3094338,Москва,3 июля
90,Младший аналитик рисков,https://hh.ru/vacancy/45225906?query=Data%20science,Не указано,ID Finance,https://hh.ru/employer/1191643,Москва,1 июля
91,DS Lead,https://hh.ru/vacancy/43835119?query=Data%20science,Не указано,ДомКлик,https://hh.ru/employer/2136954,Москва,1 июля
92,Python разработчик,https://hh.ru/vacancy/40547800?query=Data%20science,"('180000', '', 'руб.')",ООО    Константа,https://hh.ru/employer/2279941,Москва,2 июля
93,Senior Business Analyst,https://hh.ru/vacancy/45888462?query=Data%20science,Не указано,Viber,https://hh.ru/employer/5531866,Москва,1 июля
94,"Программист-разработчик (AI, Big Data)",https://hh.ru/vacancy/41840255?query=Data%20science,"('2083', '4416', 'USD')",Торговый Отдел Посольства Республики Корея,https://hh.ru/employer/23777,Москва,2 июля
95,Python Developer,https://hh.ru/vacancy/45927640?query=Data%20science,Не указано,ООО    Перфект Арт,https://hh.ru/employer/2618793,Москва,2 июля
96,Разработчик Python (Automoderation),https://hh.ru/vacancy/45768579?query=Data%20science,Не указано,Авито,https://hh.ru/employer/84585,Москва,2 июля
97,Data Engineer (Единый виртуальный ассистент сотрудника),https://hh.ru/vacancy/43991845?query=Data%20science,Не указано,Сбер. IT,https://hh.ru/employer/3529?dpt=3529-3529-it,Москва,1 июля
98,Технический аналитик данных,https://hh.ru/vacancy/42836779?query=Data%20science,Не указано,ФКУ ЦЭАИТ СП,https://hh.ru/employer/122218,Москва,2 июля
99,"Credit Risk analyst (удаленно, далее переезд во Вьетнам)",https://hh.ru/vacancy/45280130?query=Data%20science,Не указано,Finstar Financial Group,https://hh.ru/employer/180028,Москва,1 июля
100,DevOps (Azure Pipelines),https://hh.ru/vacancy/44297053?query=Data%20science,"('6000', '7000', 'USD')",ООО    ОнТаргет ЛАБС,https://hh.ru/employer/850334,Москва,2 июля
101,QA - engineer / WEB-developer,https://hh.ru/vacancy/42631793?query=Data%20science,"('80000', '', 'руб.')",ООО    Перфект Системс,https://hh.ru/employer/1713030,Москва,2 июля
102,Backend developer/Senior (autonomous vehicles software),https://hh.ru/vacancy/45591295?query=Data%20science,"('3000', '4500', 'USD')",DATASAKURA,https://hh.ru/employer/3481573,Москва,3 июля
103,Системный аналитик,https://hh.ru/vacancy/45826523?query=Data%20science,Не указано,ООО    НТехЛаб,https://hh.ru/employer/2328032,Москва,2 июля
104,Руководитель группы devops Big Data/Эксплуатация,https://hh.ru/vacancy/45909633?query=Data%20science,Не указано,Ozon Информационные технологии,https://hh.ru/employer/2180?dpt=ozonru-2180-dev,Москва,1 июля
105,Senior Product Manager,https://hh.ru/vacancy/45863105?query=Data%20science,Не указано,Elect Hunter,https://hh.ru/employer/4557756,Москва,30 июня
106,Ведущий системный аналитик,https://hh.ru/vacancy/44905153?query=Data%20science,Не указано,Инфосистемы Джет,https://hh.ru/employer/3095,Москва,30 июня
107,Риск-технолог,https://hh.ru/vacancy/45826172?query=Data%20science,Не указано,ID Finance,https://hh.ru/employer/1191643,Москва,2 июля
108,Риск-технолог,https://hh.ru/vacancy/45929643?query=Data%20science,Не указано,ID Finance,https://hh.ru/employer/1191643,Москва,2 июля
109,"C++ Mobile Games Developer, Moscow(remote)",https://hh.ru/vacancy/45253783?query=Data%20science,Не указано,ZeptoLab,https://hh.ru/employer/882115,Москва,1 июля
110,Системный аналитик,https://hh.ru/vacancy/45892589?query=Data%20science,Не указано,SberTech,https://hh.ru/employer/906557,Москва,1 июля
111,Руководитель / Главный аналитик,https://hh.ru/vacancy/45269611?query=Data%20science,Не указано,ID Finance,https://hh.ru/employer/1191643,Москва,1 июля
112,Senior\Lead backend developer (autonomous mobility software),https://hh.ru/vacancy/45589924?query=Data%20science,"('3500', '5500', 'USD')",DATASAKURA,https://hh.ru/employer/3481573,Москва,3 июля
113,Junior software developer C++,https://hh.ru/vacancy/43562429?query=Data%20science,Не указано,Parallels,https://hh.ru/employer/1736538,Москва,2 июля
114,Преподаватель по курсу BI,https://hh.ru/vacancy/45871208?query=Data%20science,Не указано,Ozon Офис и Коммерция,https://hh.ru/employer/2180?dpt=ozonru-2180-commerce,Москва,30 июня
115,Full-stack разработчик в команду разработки торговой системы / инвестиционного портала (Eninvs.com),https://hh.ru/vacancy/45913901?query=Data%20science,"('80000', '80000', 'руб.')",Усиленные Инвестиции,https://hh.ru/employer/4006637,Москва,2 июля
116,Преподаватель Курсов Программирования,https://hh.ru/vacancy/45872705?query=Data%20science,Не указано,Ozon Офис и Коммерция,https://hh.ru/employer/2180?dpt=ozonru-2180-commerce,Москва,30 июня
117,Руководитель группы медиа аналитики,https://hh.ru/vacancy/45900067?query=Data%20science,Не указано,Сбер. Экспертам и руководителям,https://hh.ru/employer/3529?dpt=3529-3529-lead,Москва,1 июля
118,Инженер по данным (Дата-инженер),https://hh.ru/vacancy/42835759?query=Data%20science,Не указано,ФКУ ЦЭАИТ СП,https://hh.ru/employer/122218,Москва,2 июля
119,Software Developer - WEB-based Applications,https://hh.ru/vacancy/43243550?query=Data%20science,Не указано,NXP Semiconductors,https://hh.ru/employer/5900,Москва,3 июля
120,.NET Core Developer,https://hh.ru/vacancy/45700606?query=Data%20science,"('2600', '3200', 'USD')","Focus21, филиал г. Москва",https://hh.ru/employer/5042305,Москва,3 июля
121,Senior Frontend developer - Trade Finance,https://hh.ru/vacancy/43853181?query=Data%20science,Не указано,Deutsche Bank Technology Center,https://hh.ru/employer/1641540,Москва,3 июля
122,Стажер(Дизайнер),https://hh.ru/vacancy/45861898?query=Data%20science,Не указано,Сбер для экспертов,https://hh.ru/employer/3529?dpt=3529-3529-prof,Москва,30 июня
123,Fullstack developer - Sales Home,https://hh.ru/vacancy/45813929?query=Data%20science,Не указано,Deutsche Bank Technology Center,https://hh.ru/employer/1641540,Москва,2 июля
124,Senior DevOps Engineer,https://hh.ru/vacancy/45080947?query=Data%20science,Не указано,Bell Integrator,https://hh.ru/employer/6189,Москва,30 июня
125,Инженер по данным / Дата-инженер,https://hh.ru/vacancy/42804296?query=Data%20science,Не указано,Счетная палата Российской Федерации,https://hh.ru/employer/3792849,Москва,30 июня
126,Back Office Sales System Administrator,https://hh.ru/vacancy/45860328?query=Data%20science,Не указано,Johnson & Johnson,https://hh.ru/employer/2768,Москва,30 июня
127,Системный инженер по сертификации и тестированию (VMware),https://hh.ru/vacancy/45939391?query=Data%20science,Не указано,YADRO,https://hh.ru/employer/1993194,Москва,2 июля
128,Key Account Manager (ID Collect),https://hh.ru/vacancy/45218463?query=Data%20science,Не указано,ID Finance,https://hh.ru/employer/1191643,Москва,1 июля
129,Senior Android разработчик,https://hh.ru/vacancy/40117060?query=Data%20science,"('250000', '', 'руб.')",ООО    Константа,https://hh.ru/employer/2279941,Москва,2 июля
130,Руководитель направления автоматизации финансовых процессов,https://hh.ru/vacancy/45161043?query=Data%20science,Не указано,ID Finance,https://hh.ru/employer/1191643,Москва,30 июня
131,Руководитель проектов Legal Tech,https://hh.ru/vacancy/45509656?query=Data%20science,Не указано,NAUMEN,https://hh.ru/employer/42600,Москва,1 июля
132,Senior iOS Developer,https://hh.ru/vacancy/45312779?query=Data%20science,Не указано,iHerb,https://hh.ru/employer/4464076,Москва,2 июля
133,IT рекрутер,https://hh.ru/vacancy/45415997?query=Data%20science,Не указано,inDriver,https://hh.ru/employer/2524797,Москва,2 июля
134,Junior Account Executive for European customers,https://hh.ru/vacancy/45182337?query=Data%20science,"('130000', '150000', 'руб.')",Improvado,https://hh.ru/employer/1815645,Москва,3 июля
135,Руководитель кампаний продаж продуктов Банка и экосистемы Сбера через digital каналы,https://hh.ru/vacancy/45869722?query=Data%20science,Не указано,Сбер для экспертов,https://hh.ru/employer/3529?dpt=3529-3529-prof,Москва,30 июня
136,Заместитель руководителя по управлению рисками,https://hh.ru/vacancy/45063999?query=Data%20science,Не указано,ID Finance,https://hh.ru/employer/1191643,Москва,3 июля
137,Преподаватель по базам данных,https://hh.ru/vacancy/45457646?query=Data%20science,"('106000', '', 'руб.')",ФГБОУВО МИРЭА,https://hh.ru/employer/126738,Москва,30 июня
138,Web-разработчик,https://hh.ru/vacancy/41840218?query=Data%20science,"('2083', '4416', 'USD')",Торговый Отдел Посольства Республики Корея,https://hh.ru/employer/23777,Москва,2 июля
139,Golang программист,https://hh.ru/vacancy/45058679?query=Data%20science,"('250000', '', 'руб.')",Газпромбанк,https://hh.ru/employer/3388?dpt=3388-3388-gazprom,Москва,30 июня
140,Менеджер по продажам (ипотечное кредитование),https://hh.ru/vacancy/45539583?query=Data%20science,Не указано,ID Finance,https://hh.ru/employer/1191643,Москва,2 июля
141,Руководитель по работе с партнерами (ипотечное кредитование),https://hh.ru/vacancy/45218468?query=Data%20science,Не указано,ID Finance,https://hh.ru/employer/1191643,Москва,1 июля
142,Senior Product Analyst,https://hh.ru/vacancy/45582359?query=Data%20science,Не указано,ООО    Gett,https://hh.ru/employer/938231,Москва,28 июня
143,HR менеджер,https://hh.ru/vacancy/45066688?query=Data%20science,Не указано,ID Finance,https://hh.ru/employer/1191643,Москва,3 июля
144,Аналитик риск-отчетности,https://hh.ru/vacancy/45808817?query=Data%20science,Не указано,ПАО    МТС Банк. Головной офис,https://hh.ru/employer/4496?dpt=4496-4496-office,Москва,29 июня
145,Middle DS & Model Manager,https://hh.ru/vacancy/44249681?query=Data%20science,Не указано,Сбер. Data Science,https://hh.ru/employer/3529?dpt=3529-3529-data,Москва,29 июня
146,Аналитик-разработчик платформы А/В,https://hh.ru/vacancy/45297181?query=Data%20science,Не указано,"Mail.ru Group, E-commerce",https://hh.ru/employer/15478?dpt=mailru-15478-pcom,Москва,28 июня
147,"Инженер devops, Hadoop/Эксплуатация",https://hh.ru/vacancy/45833377?query=Data%20science,Не указано,Ozon Информационные технологии,https://hh.ru/employer/2180?dpt=ozonru-2180-dev,Москва,29 июня
148,Senior System Analyst,https://hh.ru/vacancy/44887849?query=Data%20science,Не указано,Arrival. Fintech,https://hh.ru/employer/1751001?dpt=1751001-1751001-fintech,Москва,28 июня
149,Руководитель отдела в2в продаж,https://hh.ru/vacancy/45924208?query=Data%20science,"('', '230000', 'руб.')",SkillFactory,https://hh.ru/employer/2869446,Москва,2 июля
150,Senior Consultant Sales Effectiveness Russia/Kazakhstan,https://hh.ru/vacancy/45833156?query=Data%20science,Не указано,GfK Rus,https://hh.ru/employer/1825,Москва,29 июня
151,Python разработчик/Python developer,https://hh.ru/vacancy/43822796?query=Data%20science,Не указано,dentsu,https://hh.ru/employer/6528,Москва,28 июня
152,SAP HCM consultant (PY/PT ),https://hh.ru/vacancy/45808999?query=Data%20science,Не указано,AB InBev Efes,https://hh.ru/employer/15959,Москва,29 июня
153,Digital Management Trainee (corporate digital),https://hh.ru/vacancy/45814646?query=Data%20science,"('', '70000', 'руб.')",АО    L’Oréal,https://hh.ru/employer/590,Москва,29 июня
154,"(Sr) Researcher / (Sr) Analyst, Research and Analysis (Market research, Exports & Imports, PE / FDI)",https://hh.ru/vacancy/44349837?query=Data%20science,Не указано,Qatar-Russia,https://hh.ru/employer/4443815,Москва,28 июня
155,Python разработчик в SberDevices (команда Intelligent Search),https://hh.ru/vacancy/43201449?query=Data%20science,Не указано,Сбер. IT,https://hh.ru/employer/3529?dpt=3529-3529-it,Москва,28 июня
156,Python Developer,https://hh.ru/vacancy/45445490?query=Data%20science,"('150000', '', 'руб.')",ООО    Айсиэм,https://hh.ru/employer/3320111,Москва,28 июня
157,Юрист в претензионный отдел,https://hh.ru/vacancy/45508222?query=Data%20science,Не указано,ID Finance,https://hh.ru/employer/1191643,Москва,1 июля
158,Backend Developer (Citi Velocity),https://hh.ru/vacancy/44356099?query=Data%20science,Не указано,АО    Citibank,https://hh.ru/employer/2383,Москва,29 июня
159,Masters Programme Director,https://hh.ru/vacancy/45832692?query=Data%20science,Не указано,Российская академия народного хозяйства и государственной службы при Президенте Российской Федерации,https://hh.ru/employer/3508081,Москва,29 июня
160,Salesforce Developer,https://hh.ru/vacancy/44602136?query=Data%20science,"('3000', '', 'EUR')",Exness,https://hh.ru/employer/1312113,Москва,28 июня
161,Инженер по предиктивному ТО,https://hh.ru/vacancy/45323474?query=Data%20science,"('130000', '', 'руб.')","Волга-Днепр, Группа компаний",https://hh.ru/employer/2346,Москва,29 июня
162,CAD Engineer/EDA Developer,https://hh.ru/vacancy/45792814?query=Data%20science,Не указано,Intel Corporation,https://hh.ru/employer/2716,Москва,28 июня
163,Менеджер по аналитике (коммерческий блок),https://hh.ru/vacancy/45482174?query=Data%20science,Не указано,М.Видео-Эльдорадо. Офис,https://hh.ru/employer/2523?dpt=2523-2523-ofis,Москва,28 июня
164,Аналитик в команду роста портфеля зарплатных клиентов,https://hh.ru/vacancy/45128095?query=Data%20science,Не указано,Райффайзенбанк,https://hh.ru/employer/4023,Москва,28 июня
165,Project Manager,https://hh.ru/vacancy/45793699?query=Data%20science,Не указано,ООО    Перфект Арт,https://hh.ru/employer/2618793,Москва,28 июня
166,"Senior Site Management Associate I (SCRA I), Real World Late Phase studies",https://hh.ru/vacancy/45776940?query=Data%20science,Не указано,Syneos Health,https://hh.ru/employer/45688,Москва,28 июня
167,Fullstack Software Developer,https://hh.ru/vacancy/45796293?query=Data%20science,Не указано,Innovative People,https://hh.ru/employer/53368,Москва,28 июня
168,Веб-тестировщик,https://hh.ru/vacancy/45796630?query=Data%20science,"('60000', '', 'руб.')",strikt,https://hh.ru/employer/1334890,Москва,28 июня
169,DevRel специалист в open source продукт,https://hh.ru/vacancy/45630566?query=Data%20science,Не указано,Контур,https://hh.ru/employer/41862,Москва,28 июня
170,Менеджер по продажам в  JungleJobs.ru,https://hh.ru/vacancy/45825600?query=Data%20science,Не указано,TalentTech,https://hh.ru/employer/3238482,Москва,29 июня
171,DevOps инженер (AWS),https://hh.ru/vacancy/45778893?query=Data%20science,Не указано,"EPAM Systems, Inc.",https://hh.ru/employer/6769,Москва,28 июня
172,Продюсер,https://hh.ru/vacancy/45798852?query=Data%20science,Не указано,GeekBrains,https://hh.ru/employer/1111672,Москва,28 июня
173,SEO-специалист,https://hh.ru/vacancy/45796325?query=Data%20science,"('', '30000', 'руб.')",strikt,https://hh.ru/employer/1334890,Москва,28 июня
174,Frontend Developer (Mercedes-Benz Financial Services),https://hh.ru/vacancy/44828533?query=Data%20science,Не указано,АО    Мерседес-Бенц РУС,https://hh.ru/employer/3722,Москва,28 июня
175,Presales Engineer,https://hh.ru/vacancy/45683492?query=Data%20science,Не указано,Data Virtuality GmbH,https://hh.ru/employer/2467559,Москва,2 июля
176,Senior Biostatistician,https://hh.ru/vacancy/45429289?query=Data%20science,Не указано,Parexel International,https://hh.ru/employer/25362,Москва,25 июня
177,Системный аналитик (применение моделей ML),https://hh.ru/vacancy/45745282?query=Data%20science,Не указано,"Иннотех, Группа компаний",https://hh.ru/employer/4649269,Москва,25 июня
178,Researcher of Network Algorithm and Modeling,https://hh.ru/vacancy/43989459?query=Data%20science,Не указано,HUAWEI,https://hh.ru/employer/2873,Москва,25 июня
179,Python Developer,https://hh.ru/vacancy/41794422?query=Data%20science,Не указано,ЕВРАЗ. ИТ-специалисты,https://hh.ru/employer/19989?dpt=19989-19989-IT,Москва,25 июня
180,Ведущий архитектор данных,https://hh.ru/vacancy/45717462?query=Data%20science,Не указано,X5 RETAIL GROUP,https://hh.ru/employer/4233,Москва,24 июня
181,Исполнительный директор Управления развития инфраструктуры продаж,https://hh.ru/vacancy/45341799?query=Data%20science,Не указано,АО    Россельхозбанк,https://hh.ru/employer/58320,Москва,25 июня
182,Cloud Threat Research Developer,https://hh.ru/vacancy/44846339?query=Data%20science,Не указано,HUAWEI,https://hh.ru/employer/2873,Москва,23 июня
183,Manager - Data Analytics - Forensic Technology Solutions,https://hh.ru/vacancy/45632323?query=Data%20science,Не указано,"PwC, Департамент аудита",https://hh.ru/employer/1201?dpt=pwc-1201-audi,Москва,22 июня
184,Business Product Manager,https://hh.ru/vacancy/45679576?query=Data%20science,Не указано,SkillFactory,https://hh.ru/employer/2869446,Москва,23 июня
185,Software Engineer (Remote),https://hh.ru/vacancy/45694691?query=Data%20science,"('80000', '136000', 'руб.')",Flexhire,https://hh.ru/employer/4644218,Москва,23 июня
186,Software QA Team Lead,https://hh.ru/vacancy/45699429?query=Data%20science,Не указано,WayRay,https://hh.ru/employer/1093327,Москва,24 июня
187,Python developer (middle/middle+),https://hh.ru/vacancy/45680585?query=Data%20science,"('', '250000', 'руб.')",ANCOR,https://hh.ru/employer/1947314?dpt=1947314-1947314-ancor,Москва,23 июня
188,Научный сотрудник в области экономики градостроительства,https://hh.ru/vacancy/44517893?query=Data%20science,Не указано,ГАУ НИ и ПИ Градплан города Москвы,https://hh.ru/employer/1971315,Москва,24 июня
189,Руководитель разработки DWH (SQL),https://hh.ru/vacancy/45682622?query=Data%20science,Не указано,СИТИЛИНК,https://hh.ru/employer/3148,Москва,23 июня
190,React.js Full Stack Developer,https://hh.ru/vacancy/45729257?query=Data%20science,Не указано,"Metapix, Inc",https://hh.ru/employer/4883629,Москва,25 июня
191,Интернет-маркетолог (Лидогенерация),https://hh.ru/vacancy/44900423?query=Data%20science,"('80000', '100000', 'руб.')",ООО    Отус,https://hh.ru/employer/2970204,Москва,25 июня
192,Аналитик DWH/BI (Tableau),https://hh.ru/vacancy/44820483?query=Data%20science,Не указано,YADRO,https://hh.ru/employer/1993194,Москва,22 июня
193,Senior Consultant (Management Consulting),https://hh.ru/vacancy/45671596?query=Data%20science,Не указано,ООО    JFL Consulting,https://hh.ru/employer/5258497,Москва,23 июня
194,Системный аналитик,https://hh.ru/vacancy/45660213?query=Data%20science,Не указано,Финансовые Информационные Системы,https://hh.ru/employer/50071,Москва,23 июня
195,Team Lead ML - разработки,https://hh.ru/vacancy/44537116?query=Data%20science,Не указано,Mediascope,https://hh.ru/employer/2739341,Москва,22 июня
196,Product owner AI решений,https://hh.ru/vacancy/45638450?query=Data%20science,Не указано,Крупная производственная компания,,Москва,22 июня
197,C++ Developer,https://hh.ru/vacancy/45639015?query=Data%20science,Не указано,АО    Citibank,https://hh.ru/employer/2383,Москва,22 июня
198,Data Engineering Team Lead,https://hh.ru/vacancy/45600853?query=Data%20science,Не указано,Криптонит,https://hh.ru/employer/3491569,Москва,21 июня
199,Business Insights & Analytics Manager,https://hh.ru/vacancy/45626803?query=Data%20science,Не указано,ANCOR,https://hh.ru/employer/1947314?dpt=1947314-1947314-ancor,Москва,22 июня
200,Инженер по автоматизации тестирования ПО,https://hh.ru/vacancy/44901095?query=Data%20science,Не указано,MixCart,https://hh.ru/employer/2583973,Москва,21 июня
201,Финансовый аналитик,https://hh.ru/vacancy/44179168?query=Data%20science,Не указано,Ozon Офис и Коммерция,https://hh.ru/employer/2180?dpt=ozonru-2180-commerce,Москва,21 июня
202,Ведущий разработчик DWH (SQL),https://hh.ru/vacancy/45734853?query=Data%20science,Не указано,СИТИЛИНК,https://hh.ru/employer/3148,Москва,25 июня
203,Специалист по клиническим исследованиям-монитор / CRA (Ukraine),https://hh.ru/vacancy/45602385?query=Data%20science,Не указано,Kelly Services,https://hh.ru/employer/4925,Москва,21 июня
204,Стажёр Digital,https://hh.ru/vacancy/45581967?query=Data%20science,Не указано,Билайн,https://hh.ru/employer/4934,Москва,20 июня
205,Allocation specialist,https://hh.ru/vacancy/44822965?query=Data%20science,Не указано,LPP,https://hh.ru/employer/73886,Москва,21 июня
206,Senior Linux System Administrator,https://hh.ru/vacancy/45611347?query=Data%20science,Не указано,GE (General Electric Company),https://hh.ru/employer/228,Москва,21 июня
207,Senior C# Developer,https://hh.ru/vacancy/45589012?query=Data%20science,Не указано,Акуматика,https://hh.ru/employer/1055151,Москва,21 июня
208,Системный администратор Linux/DevOps,https://hh.ru/vacancy/45620274?query=Data%20science,Не указано,Сбер. IT,https://hh.ru/employer/3529?dpt=3529-3529-it,Москва,21 июня
209,Data Visualization Developer,https://hh.ru/vacancy/42293263?query=Data%20science,Не указано,ООО    Gett,https://hh.ru/employer/938231,Москва,18 июня
210,Senior Java Engineer (AWS),https://hh.ru/vacancy/44780310?query=Data%20science,"('300000', '', 'руб.')",ООО    ClearScale,https://hh.ru/employer/1574063,Москва,20 июня
211,Ведущий инженер web-разработки (Django),https://hh.ru/vacancy/41183362?query=Data%20science,Не указано,ООО    UMA.Tech,https://hh.ru/employer/2155808?dpt=2155808-2155808-uma,Москва,20 июня
212,Старший специалист по подбору персонала / Senior Recruitment Specialist,https://hh.ru/vacancy/44944667?query=Data%20science,Не указано,Abbott Laboratories,https://hh.ru/employer/13789,Москва,22 июня
213,Главный специалист (Data science specialist) Отдела разработки моделей кредитных рисков,https://hh.ru/vacancy/42270009?query=Data%20science,Не указано,АО    Россельхозбанк,https://hh.ru/employer/58320,Москва,18 июня
214,Аналитик данных,https://hh.ru/vacancy/45557809?query=Data%20science,Не указано,АО    ОКБ,https://hh.ru/employer/2129243,Москва,18 июня
215,Продюсер онлайн-курсов,https://hh.ru/vacancy/45375223?query=Data%20science,"('80000', '200000', 'руб.')",Proglib,https://hh.ru/employer/3879758,Москва,1 июля
216,Quantitative trader,https://hh.ru/vacancy/45423387?query=Data%20science,"('5000', '10000', 'USD')",LATOKEN,https://hh.ru/employer/2870783,Москва,18 июня
217,PR manager technology brand,https://hh.ru/vacancy/45595873?query=Data%20science,Не указано,СберМаркет,https://hh.ru/employer/1272486,Москва,21 июня
218,Аналитик SQL в Отдел противодействия мошенничеству,https://hh.ru/vacancy/45299866?query=Data%20science,Не указано,Банк Открытие,https://hh.ru/employer/23040,Москва,18 июня
219,Менеджер по продажам (удаленно),https://hh.ru/vacancy/45634473?query=Data%20science,"('40000', '170000', 'руб.')",SkillFactory,https://hh.ru/employer/2869446,Москва,22 июня
220,Backend разработчик,https://hh.ru/vacancy/45550045?query=Data%20science,"('150000', '200000', 'руб.')",ООО    Кэременторэйай,https://hh.ru/employer/3758875,Москва,18 июня
221,Системный аналитик (ML/AutoML),https://hh.ru/vacancy/45450100?query=Data%20science,Не указано,IBS,https://hh.ru/employer/139,Москва,15 июня
222,Senior Java Developer,https://hh.ru/vacancy/42223329?query=Data%20science,Не указано,ООО    Перфект Арт,https://hh.ru/employer/2618793,Москва,17 июня
223,Solution Architect,https://hh.ru/vacancy/42226505?query=Data%20science,Не указано,ООО    Перфект Арт,https://hh.ru/employer/2618793,Москва,17 июня
224,Python-разработчик в NeuroCore,https://hh.ru/vacancy/45463007?query=Data%20science,Не указано,Контур,https://hh.ru/employer/41862,Москва,15 июня
225,Manager/Web Analytics,https://hh.ru/vacancy/45507134?query=Data%20science,Не указано,Veeam Software,https://hh.ru/employer/15092,Москва,16 июня
226,Clinical Research Associate,https://hh.ru/vacancy/45500557?query=Data%20science,Не указано,ООО    MSD Pharmaceuticals,https://hh.ru/employer/681700,Москва,16 июня
227,Quality Assurance Manager,https://hh.ru/vacancy/45683926?query=Data%20science,Не указано,Сarl Zeiss,https://hh.ru/employer/10549,Москва,23 июня
228,Head of Analytics,https://hh.ru/vacancy/44613856?query=Data%20science,"('250000', '', 'руб.')",LATOKEN,https://hh.ru/employer/2870783,Москва,15 июня
229,Clinical Project Assistant (Abbvie),https://hh.ru/vacancy/45523257?query=Data%20science,Не указано,ANCOR,https://hh.ru/employer/1947314?dpt=1947314-1947314-ancor,Москва,17 июня
230,Senior HTML5 (React) Developer,https://hh.ru/vacancy/45556439?query=Data%20science,Не указано,АО    Citibank,https://hh.ru/employer/2383,Москва,18 июня
231,Team Lead/ Руководитель проектов (ИТ),https://hh.ru/vacancy/45522900?query=Data%20science,Не указано,ЕВРАЗ. ИТ-специалисты,https://hh.ru/employer/19989?dpt=19989-19989-IT,Москва,17 июня
232,Java Developer,https://hh.ru/vacancy/45517467?query=Data%20science,"('', '200000', 'руб.')",Profluent Group,https://hh.ru/employer/4871538,Москва,17 июня
233,Software Architect/Программный архитектор,https://hh.ru/vacancy/44844814?query=Data%20science,Не указано,ООО    ЦИФРА,https://hh.ru/employer/3191643,Москва,23 июня
234,Руководитель группы разработки сбора и анализа данных,https://hh.ru/vacancy/43782331?query=Data%20science,"('170000', '', 'руб.')",ООО    ВБЦ,https://hh.ru/employer/2005098,Москва,16 июня
235,PHP-разработчик удаленно,https://hh.ru/vacancy/45570842?query=Data%20science,"('120000', '150000', 'руб.')",strikt,https://hh.ru/employer/1334890,Москва,18 июня
236,Product lead/Product owner/ Stream lead (Управление жизненным циклом клиента и продукта),https://hh.ru/vacancy/45509825?query=Data%20science,Не указано,Сбер. Экспертам и руководителям,https://hh.ru/employer/3529?dpt=3529-3529-lead,Москва,16 июня
237,Product Manager,https://hh.ru/vacancy/45507623?query=Data%20science,Не указано,CoMagic.dev,https://hh.ru/employer/2575750,Москва,16 июня
238,Senior Backend Engineer,https://hh.ru/vacancy/40691549?query=Data%20science,Не указано,SberCloud,https://hh.ru/employer/3853446,Москва,16 июня
239,Java разработчик (м.Технопарк),https://hh.ru/vacancy/45519312?query=Data%20science,Не указано,Bell Integrator,https://hh.ru/employer/6189,Москва,17 июня
240,Менеджер по продукту (Продукт Ассортимент),https://hh.ru/vacancy/44650778?query=Data%20science,Не указано,М.Видео-Эльдорадо. ИТ,https://hh.ru/employer/2523?dpt=2523-2523-itsfera,Москва,15 июня
241,Менеджер проекта в Поиск,https://hh.ru/vacancy/45491899?query=Data%20science,Не указано,Ozon Информационные технологии,https://hh.ru/employer/2180?dpt=ozonru-2180-dev,Москва,16 июня
242,Рекрутер на поиск авторов в Skillfactory,https://hh.ru/vacancy/45509718?query=Data%20science,Не указано,SkillFactory,https://hh.ru/employer/2869446,Москва,16 июня
243,"IT Director, Russia",https://hh.ru/vacancy/44940442?query=Data%20science,Не указано,JTI,https://hh.ru/employer/162,Москва,15 июня
244,Менеджер по работе с ключевыми клиентами (PREDICT),https://hh.ru/vacancy/45183211?query=Data%20science,Не указано,"Mail.ru Group, Другое",https://hh.ru/employer/15478?dpt=mailru-15478-other,Москва,16 июня
245,Юрист по договорной работе,https://hh.ru/vacancy/45564965?query=Data%20science,Не указано,ID Finance,https://hh.ru/employer/1191643,Москва,18 июня
246,Аналитик качества данных,https://hh.ru/vacancy/43505365?query=Data%20science,Не указано,М.Видео-Эльдорадо. ИТ,https://hh.ru/employer/2523?dpt=2523-2523-itsfera,Москва,11 июня
247,Android Developer,https://hh.ru/vacancy/45125709?query=Data%20science,Не указано,Devexperts,https://hh.ru/employer/52729,Москва,15 июня
248,Младший аналитик BI,https://hh.ru/vacancy/45414818?query=Data%20science,Не указано,Navicon,https://hh.ru/employer/3919,Москва,11 июня
249,Ведущий специалист НСИ,https://hh.ru/vacancy/45457291?query=Data%20science,Не указано,СИТИЛИНК,https://hh.ru/employer/3148,Москва,15 июня
250,Актуарий (тарифы),https://hh.ru/vacancy/44747873?query=Data%20science,Не указано,ООО    Зетта Страхование,https://hh.ru/employer/6488,Москва,15 июня
251,Начальник управления моделирования и BI отчетности,https://hh.ru/vacancy/45414881?query=Data%20science,"('280000', '500000', 'руб.')",C-Executives,https://hh.ru/employer/226806,Москва,11 июня
252,Специалист выездного взыскания,https://hh.ru/vacancy/45525951?query=Data%20science,Не указано,ID Finance,https://hh.ru/employer/1191643,Москва,17 июня
253,DWH engineer,https://hh.ru/vacancy/43720726?query=Data%20science,"('', '110000', 'руб.')",ANCOR,https://hh.ru/employer/1947314?dpt=1947314-1947314-ancor,Москва,10 июня
254,Бизнес-аналитик/ Product Owner,https://hh.ru/vacancy/45411175?query=Data%20science,Не указано,Сбер для экспертов,https://hh.ru/employer/3529?dpt=3529-3529-prof,Москва,11 июня
255,Senior Frontend - разработчик (React),https://hh.ru/vacancy/45439820?query=Data%20science,"('150000', '200000', 'руб.')",Финансовые Информационные Системы,https://hh.ru/employer/50071,Москва,15 июня
256,Системный Python разработчик,https://hh.ru/vacancy/43505168?query=Data%20science,Не указано,М.Видео-Эльдорадо. ИТ,https://hh.ru/employer/2523?dpt=2523-2523-itsfera,Москва,11 июня
257,Senior Java Developer,https://hh.ru/vacancy/45193990?query=Data%20science,"('200000', '', 'руб.')",ИП    Грабовский Юрий Олегович,https://hh.ru/employer/4368496,Москва,30 июня
258,"Преподаватель на он-лайн курс ""Продуктовая аналитика""",https://hh.ru/vacancy/45371338?query=Data%20science,Не указано,ООО    Отус,https://hh.ru/employer/2970204,Москва,10 июня
259,Senior Product analyst,https://hh.ru/vacancy/44592342?query=Data%20science,Не указано,ООО    Gett,https://hh.ru/employer/938231,Москва,9 июня
260,Аналитик данных (системы видеонаблюдения г. Москвы),https://hh.ru/vacancy/45312284?query=Data%20science,Не указано,ГКУ Инфогород,https://hh.ru/employer/2427329,Москва,8 июня
261,C# (.NET Core) Developer,https://hh.ru/vacancy/40962309?query=Data%20science,Не указано,AliExpress Россия,https://hh.ru/employer/2592107,Москва,10 июня
262,Главный специалист по закупкам/ договорной работе (Big data),https://hh.ru/vacancy/43967285?query=Data%20science,Не указано,Банк ВТБ (ПАО),https://hh.ru/employer/4181,Москва,11 июня
263,Стажёр-аналитик в отдел развития продуктов,https://hh.ru/vacancy/45266551?query=Data%20science,Не указано,Эмбедика,https://hh.ru/employer/4598746,Москва,7 июня
264,Стажер Управления аудита ИТ [id 102981],https://hh.ru/vacancy/44836808?query=Data%20science,Не указано,Газпром нефть,https://hh.ru/employer/39305,Москва,8 июня
265,Менеджер по продвижению,https://hh.ru/vacancy/45414231?query=Data%20science,Не указано,Сбер для экспертов,https://hh.ru/employer/3529?dpt=3529-3529-prof,Москва,11 июня
266,Руководитель продукта (Ценообразование),https://hh.ru/vacancy/45351121?query=Data%20science,Не указано,М.Видео-Эльдорадо. ИТ,https://hh.ru/employer/2523?dpt=2523-2523-itsfera,Москва,9 июня
267,Java/Kotlin Software Engineer,https://hh.ru/vacancy/36607615?query=Data%20science,Не указано,AliExpress Россия,https://hh.ru/employer/2592107,Москва,8 июня
268,.NET Technical Lead/ Lead C#,https://hh.ru/vacancy/45304172?query=Data%20science,"('', '6000', 'USD')","Агентство 21 век, КЦ",https://hh.ru/employer/659638,Москва,8 июня
269,Владелец продукта в Продвинутую аналитику,https://hh.ru/vacancy/44536371?query=Data%20science,Не указано,Сибур,https://hh.ru/employer/3809?dpt=sbr-3809-sibb,Москва,7 июня
270,Senior Graphics SW Developer,https://hh.ru/vacancy/43574864?query=Data%20science,Не указано,Intel Corporation,https://hh.ru/employer/2716,Москва,8 июня
271,Системный аналитик Сбербанк Инвестор,https://hh.ru/vacancy/45237559?query=Data%20science,Не указано,Сбер для экспертов,https://hh.ru/employer/3529?dpt=3529-3529-prof,Москва,6 июня
272,Senior Developer (JAVA),https://hh.ru/vacancy/45279327?query=Data%20science,Не указано,IQVIA,https://hh.ru/employer/29813,Москва,7 июня
273,"Старший разработчик C#, Поиск / Поисковой рантайм",https://hh.ru/vacancy/43200117?query=Data%20science,Не указано,Ozon Информационные технологии,https://hh.ru/employer/2180?dpt=ozonru-2180-dev,Москва,9 июня
274,Software Engineer C#/.NET Core (AntiFraud),https://hh.ru/vacancy/45265024?query=Data%20science,Не указано,AliExpress Россия,https://hh.ru/employer/2592107,Москва,7 июня
275,Go Developer,https://hh.ru/vacancy/39325088?query=Data%20science,Не указано,AliExpress Россия,https://hh.ru/employer/2592107,Москва,8 июня
276,Руководитель группы аналитиков по внедрению BI решений (системный интегратор),https://hh.ru/vacancy/42288112?query=Data%20science,Не указано,Polymedia,https://hh.ru/employer/3070,Москва,7 июня
277,Delivery Lead/ Руководитель направления,https://hh.ru/vacancy/45270948?query=Data%20science,Не указано,Сбер. IT,https://hh.ru/employer/3529?dpt=3529-3529-it,Москва,7 июня
278,Zone Business Manager Laboratory Diagnostics,https://hh.ru/vacancy/45274833?query=Data%20science,Не указано,ООО    Сименс Здравоохранение,https://hh.ru/employer/3457520,Москва,7 июня
279,Ведущий аналитик в группу управления эффективностью операционных процессов,https://hh.ru/vacancy/45252935?query=Data%20science,Не указано,Райффайзенбанк,https://hh.ru/employer/4023,Москва,7 июня
280,Комьюнити-менеджер,https://hh.ru/vacancy/45272705?query=Data%20science,Не указано,Центр онлайн-обучения Нетология-групп,https://hh.ru/employer/855219,Москва,7 июня
281,Software Engineer C#/.NET Core (OMS),https://hh.ru/vacancy/44234597?query=Data%20science,Не указано,AliExpress Россия,https://hh.ru/employer/2592107,Москва,3 июня
282,Parallel Runtimes Developer,https://hh.ru/vacancy/45193318?query=Data%20science,Не указано,Intel Corporation,https://hh.ru/employer/2716,Москва,3 июня
283,Java разработчик (Удалённо),https://hh.ru/vacancy/44365947?query=Data%20science,Не указано,Selecty,https://hh.ru/employer/2406247,Москва,3 июня
284,Visual-Inertial Algorithm Developer (CV),https://hh.ru/vacancy/44434351?query=Data%20science,Не указано,WayRay,https://hh.ru/employer/1093327,Москва,6 июня
285,Менеджер по маркетингу (B2B-продукты и сервисы PREDICT),https://hh.ru/vacancy/45213884?query=Data%20science,Не указано,"Mail.ru Group, Другое",https://hh.ru/employer/15478?dpt=mailru-15478-other,Москва,4 июня
286,Специалист по продажам и работе с клиентами,https://hh.ru/vacancy/44469495?query=Data%20science,Не указано,Ozon Офис и Коммерция,https://hh.ru/employer/2180?dpt=ozonru-2180-commerce,Москва,7 июня
287,Senior SMM-редактор,https://hh.ru/vacancy/45196766?query=Data%20science,Не указано,SkillFactory,https://hh.ru/employer/2869446,Москва,3 июня
288,Бизнес-аналитик,https://hh.ru/vacancy/45260736?query=Data%20science,Не указано,АО    Русатом Оверсиз,https://hh.ru/employer/2172634,Москва,7 июня
